title,location,property_type,area,price,price_per_sqft,description,developer,url,nearby,area_sqft,price_lakhs,price_per_sqft_numeric,combined_text,cluster
"Residential Land / Plot in Girmapur, Hyderabad","Girmapur, Hyderabad",,1800 sqft,,,"Residential Plot for Sale in Girmapur, Hyderabad. Covered area is 200.0 Sq-ft. This property belongs to ""Peram Signature Park"" . View Property",Peram Signature Park,https://www.magicbricks.com/propertyDetails/200-Sq-yrd-Residential-Plot-FOR-Sale-Girmapur-in-Hyderabad&id=4d423836313130373933,,1800.0,0.0,0.0,"Residential Land / Plot in Girmapur, Hyderabad Girmapur, Hyderabad Residential Plot for Sale in Girmapur, Hyderabad. Covered area is 200.0 Sq-ft. This property belongs to ""Peram Signature Park"" . View Property Peram Signature Park ",0
"Residential Land / Plot in Shankarpalle, Hyderabad","Shankarpalle, Hyderabad",,3573 sqft,,,"Residential Plot for Sale in Shankarpalle, Hyderabad. Covered area is 397.0 Sq-ft. This property belongs to ""SouthPride Sanctuary"" . View Property NearbyShankarpally Bus Station Bus StopKJV Super MarketShankarpally marketSri Vivekananda Junior College, ShankarpallySvaraaj HospitalMEGHA HOSPITAL",SouthPride Sanctuary,https://www.magicbricks.com/propertyDetails/397-Sq-yrd-Residential-Plot-FOR-Sale-Shankarpally-in-Hyderabad&id=4d423835373935323739,"Shankarpally Bus Station Bus Stop, KJV Super Market, Shankarpally market, Sri Vivekananda Junior College, Shankarpally, Svaraaj Hospital, MEGHA HOSPITAL",3573.0,0.0,0.0,"Residential Land / Plot in Shankarpalle, Hyderabad Shankarpalle, Hyderabad Residential Plot for Sale in Shankarpalle, Hyderabad. Covered area is 397.0 Sq-ft. This property belongs to ""SouthPride Sanctuary"" . View Property NearbyShankarpally Bus Station Bus StopKJV Super MarketShankarpally marketSri Vivekananda Junior College, ShankarpallySvaraaj HospitalMEGHA HOSPITAL SouthPride Sanctuary Shankarpally Bus Station Bus Stop, KJV Super Market, Shankarpally market, Sri Vivekananda Junior College, Shankarpally, Svaraaj Hospital, MEGHA HOSPITAL",1
"Residential Land / Plot in Rudraram, NH 9, Hyderabad","Rudraram, NH 9, Hyderabad",,2430 sqft,,,"Residential Plot for Sale in Rudraram, Hyderabad. Covered area is 270.0 Sq-ft. This property belongs to ""Global City VI"" . View Property NearbyKautilya School of Public PolicyGITAM Deemed to be University Hyderabad",Greater Infra Global City VI,https://www.magicbricks.com/propertyDetails/270-Sq-yrd-Residential-Plot-FOR-Sale-Rudraram-in-Hyderabad&id=4d423836303336373735,"Kautilya School of Public Policy, GITAM Deemed to be University Hyderabad",2430.0,0.0,0.0,"Residential Land / Plot in Rudraram, NH 9, Hyderabad Rudraram, NH 9, Hyderabad Residential Plot for Sale in Rudraram, Hyderabad. Covered area is 270.0 Sq-ft. This property belongs to ""Global City VI"" . View Property NearbyKautilya School of Public PolicyGITAM Deemed to be University Hyderabad Greater Infra Global City VI Kautilya School of Public Policy, GITAM Deemed to be University Hyderabad",2
"Residential Land / Plot in BN Reddy Nagar, Hyderabad","BN Reddy Nagar, Hyderabad",,2700 sqft,,,"Residential Plot for Sale in BN Reddy Nagar, Hyderabad. Covered area is 300.0 Sq-ft. This property belongs to ""SR Serenity Heights"" . View Property NearbyBhrungi HospitalsHimagiri HospitalNadirgul Airfield",SR Serenity Heights,https://www.magicbricks.com/propertyDetails/300-Sq-yrd-Residential-Plot-FOR-Sale-BN-Reddy-Nagar-in-Hyderabad&id=4d423835393537363639,"Bhrungi Hospitals, Himagiri Hospital, Nadirgul Airfield",2700.0,0.0,0.0,"Residential Land / Plot in BN Reddy Nagar, Hyderabad BN Reddy Nagar, Hyderabad Residential Plot for Sale in BN Reddy Nagar, Hyderabad. Covered area is 300.0 Sq-ft. This property belongs to ""SR Serenity Heights"" . View Property NearbyBhrungi HospitalsHimagiri HospitalNadirgul Airfield SR Serenity Heights Bhrungi Hospitals, Himagiri Hospital, Nadirgul Airfield",2
"Residential Land / Plot in Kandi, Hyderabad","Kandi, Hyderabad",,1980 sqft,,,"Residential Plot for Sale in Kandi, Hyderabad. Covered area is 220.0 Sq-ft. This property belongs to ""HPR Avani"" . View Property",Srika HPR Avani,https://www.magicbricks.com/propertyDetails/220-Sq-yrd-Residential-Plot-FOR-Sale-Kandi-in-Hyderabad&id=4d423836313139363831,,1980.0,0.0,0.0,"Residential Land / Plot in Kandi, Hyderabad Kandi, Hyderabad Residential Plot for Sale in Kandi, Hyderabad. Covered area is 220.0 Sq-ft. This property belongs to ""HPR Avani"" . View Property Srika HPR Avani ",0
"Residential Land / Plot in Kadthal, Hyderabad","Kadthal, Hyderabad",,1350 sqft,,,"Residential Plot for Sale in Kadthal, Hyderabad. Covered area is 150.0 Sq-ft. This property belongs to ""Nature City"" . View Property",Mega Murali Nature City,https://www.magicbricks.com/propertyDetails/150-Sq-yrd-Residential-Plot-FOR-Sale-Kadthal-in-Hyderabad&id=4d423835363835383033,,1350.0,0.0,0.0,"Residential Land / Plot in Kadthal, Hyderabad Kadthal, Hyderabad Residential Plot for Sale in Kadthal, Hyderabad. Covered area is 150.0 Sq-ft. This property belongs to ""Nature City"" . View Property Mega Murali Nature City ",3
"Residential Land / Plot in Shadnagar, Hyderabad","Shadnagar, Hyderabad",,2970 sqft,,,"Residential Plot for Sale in Shadnagar, Hyderabad. Covered area is 330.0 Sq-ft. This property belongs to ""Sree Laxmi Balaji Township"" . View Property NearbyShadnagar Railway StationShadnagar BustandAVR shopping mall In ShadnagarSri JLM Shopping MallNavajothy High SchoolMontessori High SchoolSri Varada Neuro Multispeciality HospitalShiva Sri Hospital",Sree Laxmi Balaji Township,https://www.magicbricks.com/propertyDetails/330-Sq-yrd-Residential-Plot-FOR-Sale-Shadnagar-in-Hyderabad&id=4d423836323936313033,"Shadnagar Railway Station, Shadnagar Bustand, AVR shopping mall In Shadnagar, Sri JLM Shopping Mall, Navajothy High School, Montessori High School, Sri Varada Neuro Multispeciality Hospital, Shiva Sri Hospital",2970.0,0.0,0.0,"Residential Land / Plot in Shadnagar, Hyderabad Shadnagar, Hyderabad Residential Plot for Sale in Shadnagar, Hyderabad. Covered area is 330.0 Sq-ft. This property belongs to ""Sree Laxmi Balaji Township"" . View Property NearbyShadnagar Railway StationShadnagar BustandAVR shopping mall In ShadnagarSri JLM Shopping MallNavajothy High SchoolMontessori High SchoolSri Varada Neuro Multispeciality HospitalShiva Sri Hospital Sree Laxmi Balaji Township Shadnagar Railway Station, Shadnagar Bustand, AVR shopping mall In Shadnagar, Sri JLM Shopping Mall, Navajothy High School, Montessori High School, Sri Varada Neuro Multispeciality Hospital, Shiva Sri Hospital",2
"Residential Land / Plot in Yacharam, Hyderabad","Yacharam, Hyderabad",,2520 sqft,,,"Residential Plot for Sale in Yacharam, Hyderabad. Covered area is 280.0 Sq-ft. This property belongs to ""SGD Elite Future County"" . View Property",SGD Elite Future County,https://www.magicbricks.com/propertyDetails/280-Sq-yrd-Residential-Plot-FOR-Sale-Yacharam-in-Hyderabad&id=4d423836313338303835,,2520.0,0.0,0.0,"Residential Land / Plot in Yacharam, Hyderabad Yacharam, Hyderabad Residential Plot for Sale in Yacharam, Hyderabad. Covered area is 280.0 Sq-ft. This property belongs to ""SGD Elite Future County"" . View Property SGD Elite Future County ",2
"Residential Land / Plot in Shankarpalle, Hyderabad","Shankarpalle, Hyderabad",,3573 sqft,,,"Residential Plot for Sale in Shankarpalle, Hyderabad. Covered area is 397.0 Sq-ft. This property belongs to ""SouthPride Sanctuary"" . View Property NearbyShankarpally Bus Station Bus StopSB SUPERMARKETChandana Brothers Shopping Mall ShankarpallySri Vivekananda Junior College, ShankarpallySvaraaj HospitalMEGHA HOSPITAL",SouthPride Sanctuary,https://www.magicbricks.com/propertyDetails/397-Sq-yrd-Residential-Plot-FOR-Sale-Shankarpally-in-Hyderabad&id=4d423836323332303635,"Shankarpally Bus Station Bus Stop, SB SUPERMARKET, Chandana Brothers Shopping Mall Shankarpally, Sri Vivekananda Junior College, Shankarpally, Svaraaj Hospital, MEGHA HOSPITAL",3573.0,0.0,0.0,"Residential Land / Plot in Shankarpalle, Hyderabad Shankarpalle, Hyderabad Residential Plot for Sale in Shankarpalle, Hyderabad. Covered area is 397.0 Sq-ft. This property belongs to ""SouthPride Sanctuary"" . View Property NearbyShankarpally Bus Station Bus StopSB SUPERMARKETChandana Brothers Shopping Mall ShankarpallySri Vivekananda Junior College, ShankarpallySvaraaj HospitalMEGHA HOSPITAL SouthPride Sanctuary Shankarpally Bus Station Bus Stop, SB SUPERMARKET, Chandana Brothers Shopping Mall Shankarpally, Sri Vivekananda Junior College, Shankarpally, Svaraaj Hospital, MEGHA HOSPITAL",1
"Residential Land / Plot in Yacharam, Hyderabad","Yacharam, Hyderabad",,1800 sqft,,,"Residential Plot for Sale in Yacharam, Hyderabad. Covered area is 200.0 Sq-ft. This property belongs to ""EON CITY"" . View Property",SGD EON CITY,https://www.magicbricks.com/propertyDetails/200-Sq-yrd-Residential-Plot-FOR-Sale-Yacharam-in-Hyderabad&id=4d423836303530383337,,1800.0,0.0,0.0,"Residential Land / Plot in Yacharam, Hyderabad Yacharam, Hyderabad Residential Plot for Sale in Yacharam, Hyderabad. Covered area is 200.0 Sq-ft. This property belongs to ""EON CITY"" . View Property SGD EON CITY ",0
"Residential Land / Plot in Kandukur, Hyderabad","Kandukur, Hyderabad",,1503 sqft,,,"Residential Plot for Sale in Kandukur, Hyderabad. Covered area is 167.0 Sq-ft. This property belongs to ""The Capital 5Th City"" . View Property NearbySt. Marys English Medium High SchoolGovt Primary School-KandukurGovt Hospital-KandukurPHC Kandukur",The Capital 5Th City,https://www.magicbricks.com/propertyDetails/167-Sq-yrd-Residential-Plot-FOR-Sale-Kandukur-in-Hyderabad&id=4d423835353730303133,"St. Marys English Medium High School, Govt Primary School-Kandukur, Govt Hospital-Kandukur, PHC Kandukur",1503.0,0.0,0.0,"Residential Land / Plot in Kandukur, Hyderabad Kandukur, Hyderabad Residential Plot for Sale in Kandukur, Hyderabad. Covered area is 167.0 Sq-ft. This property belongs to ""The Capital 5Th City"" . View Property NearbySt. Marys English Medium High SchoolGovt Primary School-KandukurGovt Hospital-KandukurPHC Kandukur The Capital 5Th City St. Marys English Medium High School, Govt Primary School-Kandukur, Govt Hospital-Kandukur, PHC Kandukur",3
"Residential Land / Plot in Thummaloor, Hyderabad","Thummaloor, Hyderabad",,2906 sqft,,,"Residential Plot for Sale in Thummaloor, Hyderabad. Covered area is 2906.0 Sq-ft. This property belongs to ""Bhuvana Harmony Woods"" . View Property",Bhuvana Harmony Woods,https://www.magicbricks.com/propertyDetails/2906-Sq-ft-Residential-Plot-FOR-Sale-Thummaloor-in-Hyderabad&id=4d423835373938383337,,2906.0,0.0,0.0,"Residential Land / Plot in Thummaloor, Hyderabad Thummaloor, Hyderabad Residential Plot for Sale in Thummaloor, Hyderabad. Covered area is 2906.0 Sq-ft. This property belongs to ""Bhuvana Harmony Woods"" . View Property Bhuvana Harmony Woods ",2
"Residential Land / Plot in Maheshwaram, Hyderabad","Maheshwaram, Hyderabad",,2196 sqft,,,"Residential Plot for Sale in Maheshwaram, Hyderabad. Covered area is 244.0 Sq-ft. This property belongs to ""Srr Maheshwaram Golden City"" . View Property NearbyAkanpally Bus StopMaheswaram Bus DepotElectronic Hardware Park-MaheshwaramGovernment Degree College- Maheshwaram, Rangareddy DistrictJJ Institute of Information TechnologyCommunity Health Centre MaheswaramArkan Hospital - Mansanpally X Road",Srr Maheshwaram Golden City,https://www.magicbricks.com/propertyDetails/244-Sq-yrd-Residential-Plot-FOR-Sale-Maheshwaram-in-Hyderabad&id=4d423836313136373235,"Akanpally Bus Stop, Maheswaram Bus Depot, Electronic Hardware Park-Maheshwaram, Government Degree College- Maheshwaram, Rangareddy District, JJ Institute of Information Technology, Community Health Centre Maheswaram, Arkan Hospital - Mansanpally X Road",2196.0,0.0,0.0,"Residential Land / Plot in Maheshwaram, Hyderabad Maheshwaram, Hyderabad Residential Plot for Sale in Maheshwaram, Hyderabad. Covered area is 244.0 Sq-ft. This property belongs to ""Srr Maheshwaram Golden City"" . View Property NearbyAkanpally Bus StopMaheswaram Bus DepotElectronic Hardware Park-MaheshwaramGovernment Degree College- Maheshwaram, Rangareddy DistrictJJ Institute of Information TechnologyCommunity Health Centre MaheswaramArkan Hospital - Mansanpally X Road Srr Maheshwaram Golden City Akanpally Bus Stop, Maheswaram Bus Depot, Electronic Hardware Park-Maheshwaram, Government Degree College- Maheshwaram, Rangareddy District, JJ Institute of Information Technology, Community Health Centre Maheswaram, Arkan Hospital - Mansanpally X Road",0
"Residential Land / Plot in Bangalore Hyderabad Highway, Hyderabad","Bangalore Hyderabad Highway, Hyderabad",,1980 sqft,,,"Residential Plot for Sale in Bangalore Hyderabad Highway, Hyderabad. Covered area is 220.0 Sq-ft. This property belongs to ""Mugdha Magnus Smart City"" . View Property",Mugdha Magnus Smart City,https://www.magicbricks.com/propertyDetails/220-Sq-yrd-Residential-Plot-FOR-Sale-Bangalore-Hyderabad-Highway-in-Hyderabad&id=4d423836323139383431,,1980.0,0.0,0.0,"Residential Land / Plot in Bangalore Hyderabad Highway, Hyderabad Bangalore Hyderabad Highway, Hyderabad Residential Plot for Sale in Bangalore Hyderabad Highway, Hyderabad. Covered area is 220.0 Sq-ft. This property belongs to ""Mugdha Magnus Smart City"" . View Property Mugdha Magnus Smart City ",0
"Residential Land / Plot in Kongara Kalan, Hyderabad","Kongara Kalan, Hyderabad",,5094 sqft,,,"Residential Plot for Sale in Kongara Kalan, Hyderabad. Covered area is 566.0 Sq-ft. This property belongs to ""SBS Infinity Meadows"" . View Property NearbySmart Genius Model School",SBS Infinity Meadows,https://www.magicbricks.com/propertyDetails/566-Sq-yrd-Residential-Plot-FOR-Sale-Kongara-Kalan-in-Hyderabad&id=4d423836313237363533,Smart Genius Model School,5094.0,0.0,0.0,"Residential Land / Plot in Kongara Kalan, Hyderabad Kongara Kalan, Hyderabad Residential Plot for Sale in Kongara Kalan, Hyderabad. Covered area is 566.0 Sq-ft. This property belongs to ""SBS Infinity Meadows"" . View Property NearbySmart Genius Model School SBS Infinity Meadows Smart Genius Model School",4
"Residential Land / Plot in Nawabpet, Hyderabad","Nawabpet, Hyderabad",,2700 sqft,,,"Residential Plot for Sale in Nawabpet, Hyderabad. Covered area is 300.0 Sq-ft. This property belongs to ""URBAN SANTO"" . View Property",URBAN SANTO,https://www.magicbricks.com/propertyDetails/300-Sq-yrd-Residential-Plot-FOR-Sale-Nawabpet-in-Hyderabad&id=4d423836313338393733,,2700.0,0.0,0.0,"Residential Land / Plot in Nawabpet, Hyderabad Nawabpet, Hyderabad Residential Plot for Sale in Nawabpet, Hyderabad. Covered area is 300.0 Sq-ft. This property belongs to ""URBAN SANTO"" . View Property URBAN SANTO ",2
"Residential Land / Plot in Medchal, Hyderabad","Medchal, Hyderabad",,3366 sqft,,,"Residential Plot for Sale in Medchal, Hyderabad. Covered area is 374.0 Sq-ft. This property belongs to ""Gowra Greendale"" . View Property NearbyGowdavalli Railway StationMedchal Bus StopManikanta Super Market and ice-cream distributionKistapur Market (Every Friday)Hyderabad Engineering CollegeSt. Claret High SchoolShanvika HospitalSurya Childrens Hospital",Gowra Greendale,https://www.magicbricks.com/propertyDetails/374-Sq-yrd-Residential-Plot-FOR-Sale-Medchal-in-Hyderabad&id=4d423836323930303033,"Gowdavalli Railway Station, Medchal Bus Stop, Manikanta Super Market and ice-cream distribution, Kistapur Market (Every Friday), Hyderabad Engineering College, St. Claret High School, Shanvika Hospital, Surya Childrens Hospital",3366.0,0.0,0.0,"Residential Land / Plot in Medchal, Hyderabad Medchal, Hyderabad Residential Plot for Sale in Medchal, Hyderabad. Covered area is 374.0 Sq-ft. This property belongs to ""Gowra Greendale"" . View Property NearbyGowdavalli Railway StationMedchal Bus StopManikanta Super Market and ice-cream distributionKistapur Market (Every Friday)Hyderabad Engineering CollegeSt. Claret High SchoolShanvika HospitalSurya Childrens Hospital Gowra Greendale Gowdavalli Railway Station, Medchal Bus Stop, Manikanta Super Market and ice-cream distribution, Kistapur Market (Every Friday), Hyderabad Engineering College, St. Claret High School, Shanvika Hospital, Surya Childrens Hospital",1
"Residential Land / Plot in Sadashivpet, Hyderabad","Sadashivpet, Hyderabad",,2997 sqft,,,"Residential Plot for Sale in Sadashivpet, Hyderabad. Covered area is 333.0 Sq-ft. This property belongs to ""Golden City"" . View Property NearbyBaradi Complex(Baradi Ravinder)Mathrusri Hospital",Golden City,https://www.magicbricks.com/propertyDetails/333-Sq-yrd-Residential-Plot-FOR-Sale-Sadashivpet-in-Hyderabad&id=4d423836303032383333,"Baradi Complex(Baradi Ravinder), Mathrusri Hospital",2997.0,0.0,0.0,"Residential Land / Plot in Sadashivpet, Hyderabad Sadashivpet, Hyderabad Residential Plot for Sale in Sadashivpet, Hyderabad. Covered area is 333.0 Sq-ft. This property belongs to ""Golden City"" . View Property NearbyBaradi Complex(Baradi Ravinder)Mathrusri Hospital Golden City Baradi Complex(Baradi Ravinder), Mathrusri Hospital",2
"Residential Land / Plot in Mazidpur, Hyderabad","Mazidpur, Hyderabad",,2997 sqft,,,"Residential Plot for Sale in Mazidpur, Hyderabad. Covered area is 333.0 Sq-ft. This property belongs to ""Rock Town Phase 1"" . View Property NearbyMount Opera Bus StopAnnamacharya Institute Of Technology and Sciences",SR Rock Town Phase 1,https://www.magicbricks.com/propertyDetails/333-Sq-yrd-Residential-Plot-FOR-Sale-Mazidpur-in-Hyderabad&id=4d423836313535323433,"Mount Opera Bus Stop, Annamacharya Institute Of Technology and Sciences",2997.0,0.0,0.0,"Residential Land / Plot in Mazidpur, Hyderabad Mazidpur, Hyderabad Residential Plot for Sale in Mazidpur, Hyderabad. Covered area is 333.0 Sq-ft. This property belongs to ""Rock Town Phase 1"" . View Property NearbyMount Opera Bus StopAnnamacharya Institute Of Technology and Sciences SR Rock Town Phase 1 Mount Opera Bus Stop, Annamacharya Institute Of Technology and Sciences",2
"Residential Land / Plot in Kandukur, Hyderabad","Kandukur, Hyderabad",,1503 sqft,,,"Residential Plot for Sale in Kandukur, Hyderabad. Covered area is 167.0 Sq-ft. This property belongs to ""The Capital 5Th City"" . View Property NearbySt. Marys English Medium High SchoolRavindra Shatiniketan SchoolPHC KandukurGovt Hospital-Kandukur",The Capital 5Th City,https://www.magicbricks.com/propertyDetails/167-Sq-yrd-Residential-Plot-FOR-Sale-Kandukur-in-Hyderabad&id=4d423835343432373833,"St. Marys English Medium High School, Ravindra Shatiniketan School, PHC Kandukur, Govt Hospital-Kandukur",1503.0,0.0,0.0,"Residential Land / Plot in Kandukur, Hyderabad Kandukur, Hyderabad Residential Plot for Sale in Kandukur, Hyderabad. Covered area is 167.0 Sq-ft. This property belongs to ""The Capital 5Th City"" . View Property NearbySt. Marys English Medium High SchoolRavindra Shatiniketan SchoolPHC KandukurGovt Hospital-Kandukur The Capital 5Th City St. Marys English Medium High School, Ravindra Shatiniketan School, PHC Kandukur, Govt Hospital-Kandukur",3
"Residential Land / Plot in Shadnagar, Hyderabad","Shadnagar, Hyderabad",,2583 sqft,,,"Residential Plot for Sale in Shadnagar, Hyderabad. Covered area is 287.0 Sq-ft. This property belongs to ""V Infra Indraprastha"" . View Property NearbyShadnagar BustandShadnagar Railway StationSri JLM Shopping MallAVR shopping mall In ShadnagarOmkar Sahithi VidyalayaBhashyam SchoolMahabodhi Diagnostic CentreVijaya Hospital",V Infra Indraprastha,https://www.magicbricks.com/propertyDetails/287-Sq-yrd-Residential-Plot-FOR-Sale-Shadnagar-in-Hyderabad&id=4d423836323339333933,"Shadnagar Bustand, Shadnagar Railway Station, Sri JLM Shopping Mall, AVR shopping mall In Shadnagar, Omkar Sahithi Vidyalaya, Bhashyam School, Mahabodhi Diagnostic Centre, Vijaya Hospital",2583.0,0.0,0.0,"Residential Land / Plot in Shadnagar, Hyderabad Shadnagar, Hyderabad Residential Plot for Sale in Shadnagar, Hyderabad. Covered area is 287.0 Sq-ft. This property belongs to ""V Infra Indraprastha"" . View Property NearbyShadnagar BustandShadnagar Railway StationSri JLM Shopping MallAVR shopping mall In ShadnagarOmkar Sahithi VidyalayaBhashyam SchoolMahabodhi Diagnostic CentreVijaya Hospital V Infra Indraprastha Shadnagar Bustand, Shadnagar Railway Station, Sri JLM Shopping Mall, AVR shopping mall In Shadnagar, Omkar Sahithi Vidyalaya, Bhashyam School, Mahabodhi Diagnostic Centre, Vijaya Hospital",2
"Residential Land / Plot in Nandigama Kothur, Hyderabad","Nandigama Kothur, Hyderabad",,2304 sqft,,,"Residential Plot for Sale in Nandigama Kothur, Hyderabad. Covered area is 256.0 Sq-ft. This property belongs to ""Sampada Diamond Tree"" . View Property",Sampada Diamond Tree,https://www.magicbricks.com/propertyDetails/256-Sq-yrd-Residential-Plot-FOR-Sale-Nandigama-Kothur-in-Hyderabad&id=4d423836313434343031,,2304.0,0.0,0.0,"Residential Land / Plot in Nandigama Kothur, Hyderabad Nandigama Kothur, Hyderabad Residential Plot for Sale in Nandigama Kothur, Hyderabad. Covered area is 256.0 Sq-ft. This property belongs to ""Sampada Diamond Tree"" . View Property Sampada Diamond Tree ",0
"Residential Land / Plot in Sadashivpet, Hyderabad","Sadashivpet, Hyderabad",,2700 sqft,,,"Residential Plot for Sale in Sadashivpet, Hyderabad. Covered area is 300.0 Sq-ft. This property belongs to ""Aduri Golden Heights"" . View Property NearbyBaradi Complex(Baradi Ravinder)Mathrusri Hospital",Aduri Golden Heights,https://www.magicbricks.com/propertyDetails/300-Sq-yrd-Residential-Plot-FOR-Sale-Sadashivpet-in-Hyderabad&id=4d423835393939393437,"Baradi Complex(Baradi Ravinder), Mathrusri Hospital",2700.0,0.0,0.0,"Residential Land / Plot in Sadashivpet, Hyderabad Sadashivpet, Hyderabad Residential Plot for Sale in Sadashivpet, Hyderabad. Covered area is 300.0 Sq-ft. This property belongs to ""Aduri Golden Heights"" . View Property NearbyBaradi Complex(Baradi Ravinder)Mathrusri Hospital Aduri Golden Heights Baradi Complex(Baradi Ravinder), Mathrusri Hospital",2
"Residential Land / Plot in Annaram, Nagole, Hyderabad","Annaram, Nagole, Hyderabad",,4743 sqft,,,"Welcome to a world of unparalleled living at Magnus Smart City a gated community that seamlessly combines sustainable living, modern infrastructure, and meticulously planned residential plots in a thriving location. The first phase spans 16.31 acres, setting the foundation for a vibrant and future-ready lifestyle. View Property",Mugdha Magnus Smart City,https://www.magicbricks.com/propertyDetails/527-Sq-yrd-Residential-Plot-FOR-Sale-Annaram-in-Hyderabad&id=4d423836323234333231,,4743.0,0.0,0.0,"Residential Land / Plot in Annaram, Nagole, Hyderabad Annaram, Nagole, Hyderabad Welcome to a world of unparalleled living at Magnus Smart City a gated community that seamlessly combines sustainable living, modern infrastructure, and meticulously planned residential plots in a thriving location. The first phase spans 16.31 acres, setting the foundation for a vibrant and future-ready lifestyle. View Property Mugdha Magnus Smart City ",4
"Residential Land / Plot in Sadashivpet, Hyderabad","Sadashivpet, Hyderabad",,3330 sqft,,,"Nestled amidst nature, The SVG City offers the perfect blend oftranquility and promise. View Property NearbyBaradi Complex(Baradi Ravinder)Mathrusri Hospital",The SVG City,https://www.magicbricks.com/propertyDetails/370-Sq-yrd-Residential-Plot-FOR-Sale-Sadashivpet-in-Hyderabad&id=4d423834373536343531,"Baradi Complex(Baradi Ravinder), Mathrusri Hospital",3330.0,0.0,0.0,"Residential Land / Plot in Sadashivpet, Hyderabad Sadashivpet, Hyderabad Nestled amidst nature, The SVG City offers the perfect blend oftranquility and promise. View Property NearbyBaradi Complex(Baradi Ravinder)Mathrusri Hospital The SVG City Baradi Complex(Baradi Ravinder), Mathrusri Hospital",1
"Residential Land / Plot in Shadnagar, Hyderabad","Shadnagar, Hyderabad",,2682 sqft,,,"Every inch of this masterfully planned community is crafted with intent, rooted in Vastu principles, shaped by modern engineering, and designed for spacious living. View Property NearbyShadnagar BustandShadnagar Railway StationSri JLM Shopping MallAVR shopping mall In ShadnagarNavajothy High SchoolGovt Junior CollegeVijaya HospitalGovernment Hospital-Shadnagar",Sree Laxmi Balaji Township,https://www.magicbricks.com/propertyDetails/298-Sq-yrd-Residential-Plot-FOR-Sale-Shadnagar-in-Hyderabad&id=4d423835303831363839,"Shadnagar Bustand, Shadnagar Railway Station, Sri JLM Shopping Mall, AVR shopping mall In Shadnagar, Navajothy High School, Govt Junior College, Vijaya Hospital, Government Hospital-Shadnagar",2682.0,0.0,0.0,"Residential Land / Plot in Shadnagar, Hyderabad Shadnagar, Hyderabad Every inch of this masterfully planned community is crafted with intent, rooted in Vastu principles, shaped by modern engineering, and designed for spacious living. View Property NearbyShadnagar BustandShadnagar Railway StationSri JLM Shopping MallAVR shopping mall In ShadnagarNavajothy High SchoolGovt Junior CollegeVijaya HospitalGovernment Hospital-Shadnagar Sree Laxmi Balaji Township Shadnagar Bustand, Shadnagar Railway Station, Sri JLM Shopping Mall, AVR shopping mall In Shadnagar, Navajothy High School, Govt Junior College, Vijaya Hospital, Government Hospital-Shadnagar",2
"Residential Land / Plot in Shankarpalle, Hyderabad","Shankarpalle, Hyderabad",,2196 sqft,,,"Future Property NEO CITY by Future Property Group is one of the popular residential project in Shankarpalle, Hyderabad. It has lavish yet thoughtfully designed 105 residences. View Property NearbyShankarpally Bus Station Bus StopSB SUPERMARKETChandana Brothers Shopping Mall ShankarpallySri Vivekananda Junior College, ShankarpallySvaraaj HospitalMEGHA HOSPITAL",Future Property NEO CITY,https://www.magicbricks.com/propertyDetails/244-Sq-yrd-Residential-Plot-FOR-Sale-Shankarpally-in-Hyderabad&id=4d423835343130393937,"Shankarpally Bus Station Bus Stop, SB SUPERMARKET, Chandana Brothers Shopping Mall Shankarpally, Sri Vivekananda Junior College, Shankarpally, Svaraaj Hospital, MEGHA HOSPITAL",2196.0,0.0,0.0,"Residential Land / Plot in Shankarpalle, Hyderabad Shankarpalle, Hyderabad Future Property NEO CITY by Future Property Group is one of the popular residential project in Shankarpalle, Hyderabad. It has lavish yet thoughtfully designed 105 residences. View Property NearbyShankarpally Bus Station Bus StopSB SUPERMARKETChandana Brothers Shopping Mall ShankarpallySri Vivekananda Junior College, ShankarpallySvaraaj HospitalMEGHA HOSPITAL Future Property NEO CITY Shankarpally Bus Station Bus Stop, SB SUPERMARKET, Chandana Brothers Shopping Mall Shankarpally, Sri Vivekananda Junior College, Shankarpally, Svaraaj Hospital, MEGHA HOSPITAL",0
"Residential Land / Plot in Maheshwaram, Hyderabad","Maheshwaram, Hyderabad",,3600 sqft,,,"Nestled in the coveted vicinity of Maheshwaram, Eutopia presents an array of HMDA RERA approved villa plots, meticulously designed to offer a perfect blend of luxury and tranquillity. Boasting a prime location, Eutopia enjoys close proximity to the Financial District (30 Mins Drive), Hyderabad's biggest Smart Cities (GMR Aero City, MY HOME Smart City), Rajiv Gandhi International Airport, World's Biggest Pharmacity, Tech parks and Educational Institutions, ensuring convenience and accessibility for residents. View Property NearbyMaheswaram Bavi Bus StopMaheswaram Bus DepotElectronic Hardware Park-MaheshwaramDubba-Cherla Govt. SchoolBhashyam Blooms,MaheswaramArkan Hospital - Mansanpally X RoadCommunity Health Centre Maheswaram",Sterlings Eutopia,https://www.magicbricks.com/propertyDetails/400-Sq-yrd-Residential-Plot-FOR-Sale-Maheshwaram-in-Hyderabad&id=4d423738363934333239,"Maheswaram Bavi Bus Stop, Maheswaram Bus Depot, Electronic Hardware Park-Maheshwaram, Dubba-Cherla Govt. School, Bhashyam Blooms,Maheswaram, Arkan Hospital - Mansanpally X Road, Community Health Centre Maheswaram",3600.0,0.0,0.0,"Residential Land / Plot in Maheshwaram, Hyderabad Maheshwaram, Hyderabad Nestled in the coveted vicinity of Maheshwaram, Eutopia presents an array of HMDA RERA approved villa plots, meticulously designed to offer a perfect blend of luxury and tranquillity. Boasting a prime location, Eutopia enjoys close proximity to the Financial District (30 Mins Drive), Hyderabad's biggest Smart Cities (GMR Aero City, MY HOME Smart City), Rajiv Gandhi International Airport, World's Biggest Pharmacity, Tech parks and Educational Institutions, ensuring convenience and accessibility for residents. View Property NearbyMaheswaram Bavi Bus StopMaheswaram Bus DepotElectronic Hardware Park-MaheshwaramDubba-Cherla Govt. SchoolBhashyam Blooms,MaheswaramArkan Hospital - Mansanpally X RoadCommunity Health Centre Maheswaram Sterlings Eutopia Maheswaram Bavi Bus Stop, Maheswaram Bus Depot, Electronic Hardware Park-Maheshwaram, Dubba-Cherla Govt. School, Bhashyam Blooms,Maheswaram, Arkan Hospital - Mansanpally X Road, Community Health Centre Maheswaram",1
"Residential Land / Plot in SriSialam Highway, Hyderabad","SriSialam Highway, Hyderabad",,2403 sqft,,,"Fortune Butterfly City on Hyderabad's Srisailam Highway is an opulent location where you may enjoy comfort, tranquility, happiness, contentment, beauty, and everything else you want for a lavish and stress-free lifestyle. Residential plots in the ready-to-move Fortune Butterfly City come in various sizes and are an excellent choice for building your dream home to suit your current needs and preferences. The Fortune Butterfly City on Hyderabad's Srisailam Highway was created to provide inexpensive homes and offer plots at the most incredible price. View Property",Fortune Butterfly City,https://www.magicbricks.com/propertyDetails/267-Sq-yrd-Residential-Plot-FOR-Sale-SriSialam-Highway-in-Hyderabad&id=4d423832353935353531,,2403.0,0.0,0.0,"Residential Land / Plot in SriSialam Highway, Hyderabad SriSialam Highway, Hyderabad Fortune Butterfly City on Hyderabad's Srisailam Highway is an opulent location where you may enjoy comfort, tranquility, happiness, contentment, beauty, and everything else you want for a lavish and stress-free lifestyle. Residential plots in the ready-to-move Fortune Butterfly City come in various sizes and are an excellent choice for building your dream home to suit your current needs and preferences. The Fortune Butterfly City on Hyderabad's Srisailam Highway was created to provide inexpensive homes and offer plots at the most incredible price. View Property Fortune Butterfly City ",0
"Residential Land / Plot in Shadnagar, Hyderabad","Shadnagar, Hyderabad",,2007 sqft,,,"Avenue 2 is an HMDA & RERA-approved premium plotted development located at Nagulapally Village, Shadnagar. View Property NearbyShadnagar Railway StationShadnagar BustandAVR shopping mall In ShadnagarSri JLM Shopping MallTSWREIS Government SchoolBhashyam SchoolVijaya HospitalVijayajyothi Multispeciality Hospital",Concepts Avenue 2,https://www.magicbricks.com/propertyDetails/223-Sq-yrd-Residential-Plot-FOR-Sale-Shadnagar-in-Hyderabad&id=4d423835343436323937,"Shadnagar Railway Station, Shadnagar Bustand, AVR shopping mall In Shadnagar, Sri JLM Shopping Mall, TSWREIS Government School, Bhashyam School, Vijaya Hospital, Vijayajyothi Multispeciality Hospital",2007.0,0.0,0.0,"Residential Land / Plot in Shadnagar, Hyderabad Shadnagar, Hyderabad Avenue 2 is an HMDA & RERA-approved premium plotted development located at Nagulapally Village, Shadnagar. View Property NearbyShadnagar Railway StationShadnagar BustandAVR shopping mall In ShadnagarSri JLM Shopping MallTSWREIS Government SchoolBhashyam SchoolVijaya HospitalVijayajyothi Multispeciality Hospital Concepts Avenue 2 Shadnagar Railway Station, Shadnagar Bustand, AVR shopping mall In Shadnagar, Sri JLM Shopping Mall, TSWREIS Government School, Bhashyam School, Vijaya Hospital, Vijayajyothi Multispeciality Hospital",0
